idade,renda_mensal,escolaridade,regiao,horas_trabalho_semana,n_dependentes,categoria_renda
22.0,5649.821759909259,Médio,Sudeste,44.0,5,Alta
58.0,3637.2802672598123,Superior,Centro-Oeste,54.0,1,Média
52.0,4371.165642994695,Superior,Sudeste,53.0,2,Alta
40.0,3414.8252084109627,Superior,Sul,24.0,1,Média
40.0,3244.3886282536932,Médio,Nordeste,43.0,2,Média
62.0,2330.7764049118705,Médio,Sul,35.0,5,Média
22.0,4145.4520384363295,Médio,Sul,51.0,4,Alta
54.0,2222.694216221348,Fundamental,Sudeste,40.0,4,Média
28.0,4498.377854470144,Médio,Sudeste,59.0,1,Alta
22.0,5127.930506668865,Médio,Sudeste,37.0,5,Alta
45.0,4049.797110855845,Fundamental,Sudeste,47.0,2,Alta
68.0,3070.626899666462,Superior,Sudeste,24.0,3,Média
56.0,3514.963299360965,Superior,Norte,57.0,4,Alta
57.0,3036.9904166803813,Fundamental,Sul,26.0,3,Média
55.0,4903.320688197724,Médio,Sudeste,35.0,3,Alta
58.0,752.8908736773146,Superior,Sudeste,53.0,2,Baixa
44.0,2996.5889478220306,Superior,Centro-Oeste,58.0,3,Média
24.0,513.7820073140033,Superior,Norte,39.0,5,Baixa
61.0,1257.4087546591923,Médio,Sudeste,39.0,2,Baixa
41.0,5545.793344720864,Superior,Sudeste,21.0,3,Alta
44.0,4842.7774729575285,Médio,Centro-Oeste,59.0,1,Alta
37.0,2420.7796500728145,Médio,Nordeste,20.0,2,Média
27.0,1246.2448159386545,Médio,Nordeste,21.0,4,Baixa
58.0,2684.756738101048,Médio,Centro-Oeste,20.0,1,Média
38.0,4152.326407195471,Superior,Nordeste,45.0,4,Alta
60.0,2660.641570925766,Médio,Nordeste,48.0,0,Média
46.0,4197.620314250459,Médio,Nordeste,31.0,0,Alta
44.0,1158.5624705083355,Fundamental,Sudeste,51.0,2,Baixa
41.0,3054.0149559535466,Médio,Sudeste,44.0,3,Média
29.0,3649.2162095236076,Médio,Sudeste,29.0,1,Média
22.0,3370.8490222684272,Médio,Sul,48.0,4,Média
46.0,3514.963299360965,Médio,Nordeste,43.0,5,Alta
64.0,4016.9678393540785,Superior,Sudeste,52.0,3,Alta
21.0,4502.489027161995,Pós-graduação,Norte,26.0,2,Alta
62.0,2467.441576653861,Médio,Nordeste,29.0,0,Média
61.0,4846.723112615822,Superior,Sudeste,32.0,4,Alta
32.0,5943.405421435988,Superior,Norte,33.0,5,Alta
50.0,2044.775720522881,Pós-graduação,Sudeste,55.0,2,Média
26.0,2168.4565164281603,Superior,Sudeste,49.0,3,Média
57.0,5503.676504480349,Superior,Sudeste,41.0,4,Alta
54.0,3212.9840199574096,Pós-graduação,Sudeste,41.0,4,Média
36.0,5605.732088099836,Superior,Sudeste,55.0,0,Alta
21.0,2836.1964321617243,Médio,Centro-Oeste,37.0,4,Média
44.0,5682.568364406066,Fundamental,Norte,29.0,5,Alta
41.0,3697.2287252081783,Fundamental,Nordeste,25.0,4,Média
64.0,3887.3432349840427,Médio,Sudeste,33.0,2,Média
44.0,5847.077032504856,Médio,Sul,46.0,3,Alta
58.0,2957.3442838337432,Médio,Norte,38.0,1,Média
57.0,2088.3168561125626,Superior,Sudeste,36.0,3,Média
28.0,2827.1536879574687,Superior,Sudeste,39.0,1,Média
36.0,4178.500925964708,Superior,Sudeste,58.0,2,Alta
42.0,1151.3613917292287,Fundamental,Sudeste,59.0,1,Baixa
43.0,4456.206353976682,Médio,Sudeste,26.0,2,Alta
20.0,2691.843023573385,Superior,Sudeste,24.0,2,Média
46.0,5221.718991100345,Superior,Sudeste,29.0,0,Alta
26.0,-91.39045735070749,Pós-graduação,Nordeste,54.0,4,Média
56.0,2320.151337343747,Superior,Sul,38.0,2,Média
53.0,970.2977731488472,Superior,Norte,54.0,5,Baixa
65.0,2260.655800454071,Médio,Sudeste,45.0,1,Média
56.0,3871.498851663415,Médio,Norte,42.0,4,Média
37.0,3231.160061825368,Médio,Nordeste,31.0,1,Média
68.0,3119.9336465779775,Superior,Norte,33.0,3,Média
39.0,3261.2226929299086,Pós-graduação,Centro-Oeste,25.0,2,Média
34.0,3805.082360929915,Médio,Nordeste,40.0,2,Média
65.0,1987.1959370853383,Superior,Nordeste,31.0,3,Baixa
37.0,4560.274461348576,Médio,Sudeste,31.0,4,Alta
21.0,3514.963299360965,Médio,Centro-Oeste,21.0,1,Alta
42.0,4077.5569064841516,Médio,Sudeste,51.0,5,Alta
59.0,3514.963299360965,Fundamental,Sul,57.0,1,Alta
27.0,3514.963299360965,Pós-graduação,Sudeste,39.0,1,Média
42.0,6552.609954096601,Médio,Nordeste,41.0,1,Alta
24.0,3369.358743421235,Superior,Nordeste,57.0,5,Média
53.0,3514.963299360965,Superior,Sul,40.0,0,Média
42.0,2369.708629463933,Médio,Nordeste,44.0,2,Média
35.0,1951.6059941332448,Médio,Centro-Oeste,37.0,2,Baixa
29.0,1633.292318598387,Superior,Sul,40.0,4,Baixa
47.0,2166.804030153622,Médio,Sul,40.0,2,Média
52.0,3393.979427521893,Pós-graduação,Centro-Oeste,48.0,5,Média
66.0,3514.963299360965,Fundamental,Sudeste,44.0,4,Alta
40.0,3576.713087828243,Superior,Sudeste,40.0,4,Média
26.0,2351.6970838554307,Superior,Sudeste,23.0,4,Média
61.0,4850.276846029945,Médio,Norte,56.0,0,Alta
50.0,4609.119008451421,Médio,Nordeste,55.0,2,Alta
54.0,3260.5275388669743,Pós-graduação,Sudeste,27.0,3,Média
23.0,2520.6257830029317,Médio,Nordeste,31.0,1,Média
34.0,4322.641881244699,Médio,Sudeste,58.0,0,Alta
44.0,3781.9603812291566,Médio,Nordeste,32.0,0,Média
61.0,1327.8091108774288,Médio,Sul,52.0,4,Baixa
40.0,3398.0296160233925,Superior,Sudeste,51.0,3,Média
59.0,3893.0537181115715,Superior,Sudeste,54.0,1,Média
61.0,2150.4578202683692,Médio,Sudeste,20.0,4,Média
38.0,3784.7650892561646,Superior,Nordeste,39.0,4,Média
64.0,1317.7662721133165,Médio,Sudeste,42.0,4,Baixa
32.0,5504.279150018257,Fundamental,Nordeste,53.0,5,Alta
30.0,5371.924977589148,Superior,Sudeste,28.0,5,Alta
53.0,3121.223998545553,Pós-graduação,Sudeste,32.0,1,Média
44.0,4045.18150675861,Fundamental,Sul,27.0,4,Alta
25.0,-114.88294869981246,Médio,Sul,50.0,2,Média
61.0,1765.4785096020007,Médio,Sul,59.0,2,Baixa
28.0,3059.3316197718054,Superior,Nordeste,25.0,3,Média
59.0,1891.8004678597113,Fundamental,Sul,29.0,3,Baixa
18.0,4571.594723945988,Médio,Sudeste,32.0,2,Alta
59.0,6495.94479612199,Superior,Centro-Oeste,55.0,5,Alta
58.0,1735.077920856047,Médio,Sudeste,37.0,1,Baixa
58.0,2243.804893872211,Médio,Nordeste,31.0,0,Média
52.0,3853.1725524648955,Médio,Nordeste,32.0,0,Média
42.0,5916.674222749431,Médio,Nordeste,43.0,4,Alta
54.0,1666.4385311901453,Médio,Nordeste,35.0,2,Baixa
32.0,3873.554183460413,Superior,Sudeste,25.0,2,Média
58.0,6231.948276219663,Superior,Sul,52.0,3,Alta
44.0,1022.3612777310991,Superior,Sudeste,36.0,2,Baixa
41.0,1578.396189731252,Pós-graduação,Sudeste,30.0,3,Baixa
44.0,2864.5900903087427,Médio,Centro-Oeste,49.0,0,Média
47.0,2719.1173807168834,Médio,Sudeste,49.0,0,Média
19.0,4718.901931630467,Pós-graduação,Nordeste,26.0,5,Alta
25.0,3862.489579731257,Médio,Sudeste,22.0,2,Média
30.0,837.5569105368077,Superior,Nordeste,21.0,1,Baixa
23.0,4273.1156043512165,Superior,Sudeste,50.0,2,Alta
40.0,2633.691668966524,Fundamental,Sudeste,45.0,2,Média
52.0,5411.6708254118585,Médio,Sudeste,51.0,1,Alta
52.0,2558.6186953446204,Médio,Sudeste,45.0,1,Média
42.0,2545.0770753466463,Médio,Nordeste,36.0,4,Média
62.0,4311.697416206797,Médio,Sul,43.0,0,Alta
47.0,4644.389723505405,Médio,Sudeste,48.0,1,Alta
22.0,4172.149045904305,Superior,Sudeste,35.0,2,Alta
57.0,971.6040239227877,Pós-graduação,Sudeste,56.0,3,Baixa
47.0,4307.051659892377,Superior,Sudeste,55.0,5,Alta
51.0,3514.963299360965,Médio,Sul,52.0,5,Baixa
47.0,3852.914167382395,Médio,Centro-Oeste,59.0,1,Média
46.0,1364.3983469014097,Médio,Sudeste,35.0,3,Baixa
22.0,4169.4832213145955,Fundamental,Sudeste,24.0,0,Alta
47.0,2290.101643538941,Pós-graduação,Sudeste,39.0,3,Média
59.0,1576.0480246092175,Médio,Sul,49.0,0,Baixa
33.0,4570.730204723599,Médio,Centro-Oeste,51.0,0,Alta
49.0,3862.466782515127,Superior,Sudeste,35.0,4,Média
19.0,2579.0347979106546,Médio,Nordeste,31.0,1,Média
36.0,5676.768273531596,Fundamental,Nordeste,37.0,2,Alta
44.0,2839.0213676453864,Médio,Sudeste,52.0,0,Média
69.0,3548.161510956402,Superior,Centro-Oeste,22.0,4,Média
29.0,3903.3701715179013,Superior,Centro-Oeste,33.0,4,Média
32.0,2570.50109880708,Médio,Nordeste,29.0,3,Média
44.0,4206.704440099894,Pós-graduação,Sudeste,52.0,5,Alta
69.0,2699.8214792529134,Superior,Sudeste,38.0,2,Média
62.0,2882.5425166756863,Superior,Sul,23.0,1,Média
19.0,5543.963959705012,Médio,Norte,30.0,0,Alta
30.0,1939.1209212313504,Fundamental,Sudeste,21.0,1,Baixa
60.0,-119.17049639423522,Superior,Sudeste,39.0,1,Média
21.0,5916.405492517842,Médio,Sudeste,59.0,1,Alta
32.0,2892.0961018260023,Superior,Centro-Oeste,54.0,3,Média
65.0,3514.963299360965,Fundamental,Sudeste,49.0,0,Baixa
33.0,3034.2740357060843,Superior,Sudeste,55.0,3,Média
40.0,3070.665575238996,Pós-graduação,Sudeste,32.0,2,Média
52.0,3215.1142384666146,Superior,Sudeste,58.0,4,Média
24.0,1829.9179371172277,Médio,Sudeste,29.0,3,Baixa
46.0,4369.341713714716,Superior,Sudeste,37.0,5,Alta
44.0,4286.761062929129,Médio,Nordeste,47.0,2,Alta
58.0,1258.39157027104,Superior,Sudeste,31.0,1,Baixa
69.0,4548.795097542332,Superior,Sudeste,30.0,3,Alta
52.0,6579.027472918837,Superior,Nordeste,25.0,3,Alta
39.0,3757.9404986555896,Médio,Sudeste,20.0,2,Média
39.0,2994.012256897241,Fundamental,Nordeste,40.0,3,Média
39.0,3286.995178388718,Médio,Sudeste,59.0,2,Média
60.0,4422.885150452842,Médio,Nordeste,28.0,1,Alta
34.0,903.9925917391729,Médio,Sudeste,37.0,1,Baixa
26.0,3746.5860544659536,Superior,Nordeste,57.0,5,Média
35.0,2914.304075805785,Médio,Sudeste,50.0,4,Média
19.0,6271.7375194340675,Superior,Sul,20.0,0,Alta
23.0,3238.740899292563,Pós-graduação,Centro-Oeste,40.0,5,Média
22.0,6001.83141667928,Médio,Sul,25.0,4,Alta
58.0,1844.3889533269892,Superior,Sul,29.0,0,Baixa
55.0,4380.888750204188,Superior,Sul,29.0,4,Alta
54.0,3979.100395686843,Médio,Nordeste,44.0,3,Média
42.0,2196.429128202826,Médio,Sudeste,27.0,5,Média
55.0,3766.0941719554107,Superior,Norte,30.0,2,Média
26.0,5318.778255247401,Pós-graduação,Centro-Oeste,29.0,3,Alta
64.0,3514.963299360965,Superior,Sul,34.0,1,Média
44.0,3514.963299360965,Pós-graduação,Sudeste,46.0,1,Baixa
66.0,3473.655760283831,Pós-graduação,Sudeste,35.0,3,Média
25.0,2146.365357811231,Médio,Centro-Oeste,33.0,4,Média
43.0,2986.4885920041766,Superior,Sudeste,40.0,5,Média
54.0,3377.6183454723187,Médio,Sudeste,44.0,4,Média
43.0,941.521675976724,Pós-graduação,Sudeste,20.0,3,Baixa
44.0,1076.512491018983,Fundamental,Sul,55.0,3,Baixa
26.0,4223.100253288288,Médio,Nordeste,56.0,2,Alta
37.0,2715.9219557454794,Superior,Nordeste,44.0,4,Média
33.0,4677.266054912203,Superior,Sul,47.0,1,Alta
53.0,3908.55463291136,Médio,Nordeste,37.0,5,Média
50.0,2429.187763945274,Pós-graduação,Nordeste,34.0,3,Média
49.0,1524.7546834126379,Superior,Nordeste,34.0,2,Baixa
36.0,4753.711844471506,Médio,Sudeste,26.0,5,Alta
67.0,4024.0259338406445,Superior,Nordeste,53.0,5,Alta
35.0,4130.282898087406,Superior,Sul,31.0,3,Alta
24.0,4081.554711893022,Superior,Norte,58.0,2,Alta
35.0,3514.963299360965,Superior,Sudeste,40.0,4,Média
68.0,4725.163800801187,Fundamental,Sudeste,44.0,5,Alta
37.0,4437.6278018722305,Médio,Sudeste,29.0,3,Alta
65.0,5377.587512847793,Superior,Nordeste,31.0,4,Alta
43.0,2718.015622044073,Superior,Centro-Oeste,49.0,3,Média
54.0,2846.8887905840566,Médio,Nordeste,38.0,5,Média
41.0,2781.34524363203,Fundamental,Sudeste,25.0,2,Média
31.0,4686.2025817684835,Médio,Sudeste,53.0,2,Alta
57.0,3514.963299360965,Superior,Nordeste,36.0,2,Alta
68.0,2811.739260276049,Fundamental,Centro-Oeste,46.0,5,Média
31.0,2862.839408310363,Médio,Sul,33.0,3,Média
58.0,3971.1158358046987,Pós-graduação,Norte,42.0,0,Média
31.0,3131.357749980648,Fundamental,Nordeste,51.0,0,Média
55.0,3514.963299360965,Superior,Sudeste,55.0,3,Alta
59.0,122.33406407143002,Médio,Nordeste,28.0,4,Baixa
41.0,2259.942429624658,Superior,Nordeste,46.0,2,Média
56.0,2326.3754990578313,Superior,Sudeste,56.0,3,Média
32.0,19.465981420782555,Superior,Nordeste,45.0,4,Baixa
22.0,2054.542333446794,Médio,Sudeste,25.0,3,Média
23.0,2127.2658262311106,Médio,Sudeste,27.0,5,Média
41.0,3198.3430182217544,Superior,Sudeste,28.0,3,Média
64.0,5169.448837490396,Médio,Nordeste,24.0,4,Alta
24.0,3132.4090232139465,Médio,Sudeste,50.0,4,Média
41.0,1953.7794195932693,Fundamental,Nordeste,58.0,3,Baixa
54.0,3414.5681881797063,Pós-graduação,Sudeste,40.0,0,Média
28.0,5073.760432162024,Superior,Centro-Oeste,43.0,2,Alta
55.0,2036.0617758276428,Superior,Sudeste,50.0,0,Média
33.0,2134.1376741178274,Superior,Nordeste,36.0,3,Média
44.0,4337.823438911335,Médio,Nordeste,38.0,0,Alta
48.0,3167.6958264037994,Médio,Sudeste,43.0,3,Média
46.0,3514.963299360965,Médio,Norte,32.0,2,Alta
27.0,3479.5298123070547,Superior,Nordeste,22.0,0,Média
42.0,4552.495472134351,Médio,Sudeste,42.0,0,Alta
62.0,1947.3828289390387,Superior,Sudeste,52.0,3,Baixa
19.0,3481.873023817599,Superior,Nordeste,22.0,0,Média
57.0,3183.964978455265,Médio,Sul,28.0,5,Média
43.0,1676.163613843804,Superior,Sudeste,30.0,4,Baixa
55.0,1154.7830781969674,Fundamental,Sudeste,52.0,4,Baixa
52.0,4528.623552911993,Pós-graduação,Sudeste,40.0,1,Alta
40.0,2973.571426673033,Pós-graduação,Sudeste,41.0,4,Média
34.0,1966.5795775290057,Pós-graduação,Sudeste,45.0,3,Baixa
50.0,3355.7315946150015,Médio,Sudeste,31.0,2,Média
25.0,5192.028286023954,Médio,Sul,48.0,0,Alta
48.0,78.89323194211556,Médio,Nordeste,21.0,3,Baixa
22.0,1255.0419651450106,Fundamental,Nordeste,24.0,4,Baixa
51.0,2115.6703371570984,Fundamental,Norte,52.0,0,Média
50.0,5691.768300080494,Fundamental,Sul,46.0,0,Alta
22.0,3923.8804743789447,Pós-graduação,Centro-Oeste,27.0,2,Média
57.0,4650.97586069184,Fundamental,Sudeste,37.0,3,Alta
39.0,1789.7586213106542,Fundamental,Sudeste,22.0,2,Baixa
58.0,1820.6961870942107,Superior,Sul,46.0,2,Baixa
20.0,4171.720575084066,Superior,Nordeste,50.0,1,Alta
27.0,3587.4114964031696,Superior,Sudeste,31.0,0,Média
43.0,4323.10822829619,Superior,Sul,34.0,0,Alta
27.0,3218.493513607322,Superior,Norte,29.0,0,Média
35.0,3917.2155896819404,Superior,Sudeste,35.0,4,Média
52.0,3737.1786273576636,Médio,Nordeste,30.0,4,Média
25.0,4666.651083627388,Superior,Sudeste,29.0,2,Alta
53.0,4710.512422916706,Médio,Sudeste,37.0,0,Alta
23.0,1070.1920084123453,Médio,Nordeste,54.0,2,Baixa
27.0,129.0971669887167,Médio,Nordeste,50.0,5,Baixa
48.0,5002.618096477261,Médio,Nordeste,31.0,1,Alta
59.0,5281.587639892905,Superior,Nordeste,57.0,2,Alta
26.0,1969.0654707299939,Médio,Sudeste,28.0,3,Baixa
33.0,710.2468901815569,Médio,Nordeste,56.0,1,Baixa
66.0,3648.5522315108014,Médio,Nordeste,32.0,2,Média
69.0,4896.257339525794,Superior,Sudeste,41.0,2,Alta
48.0,6196.391783651472,Médio,Sudeste,28.0,2,Alta
41.0,4274.446358152177,Superior,Sudeste,50.0,4,Alta
36.0,2942.4249551214575,Superior,Sul,32.0,3,Média
49.0,2160.304067622706,Fundamental,Centro-Oeste,54.0,0,Média
48.0,3517.1769375059816,Superior,Sudeste,23.0,0,Média
33.0,3051.1029441721153,Médio,Norte,40.0,2,Média
19.0,1977.3981414067757,Médio,Sudeste,26.0,5,Baixa
25.0,6573.13347629493,Superior,Sul,55.0,0,Alta
67.0,6177.752603108196,Pós-graduação,Sudeste,36.0,0,Alta
44.0,5204.073025333142,Médio,Sudeste,46.0,4,Alta
43.0,2118.7244032863086,Superior,Sudeste,55.0,2,Média
42.0,4782.528986445918,Médio,Nordeste,41.0,1,Alta
58.0,4459.439614246853,Superior,Sudeste,22.0,1,Alta
21.0,4163.818436306079,Superior,Sudeste,28.0,3,Alta
22.0,5374.497900565666,Superior,Sul,28.0,3,Alta
32.0,4453.056714291916,Superior,Sudeste,56.0,3,Alta
43.0,4610.021354456503,Fundamental,Norte,56.0,1,Alta
52.0,3514.963299360965,Superior,Sudeste,39.0,3,Alta
43.0,4011.1871120031587,Superior,Nordeste,55.0,5,Alta
40.0,824.583305428725,Superior,Nordeste,29.0,1,Baixa
66.0,3625.431616115836,Fundamental,Nordeste,47.0,2,Média
26.0,2665.712061726312,Médio,Sudeste,35.0,0,Média
47.0,1580.2385635399692,Médio,Nordeste,29.0,3,Baixa
46.0,6022.7249289512365,Fundamental,Nordeste,30.0,0,Alta
42.0,3514.963299360965,Médio,Norte,36.0,1,Alta
59.0,5538.830900443418,Médio,Sul,33.0,4,Alta
31.0,3882.820125283812,Superior,Sudeste,28.0,0,Média
67.0,5525.937681428985,Médio,Norte,33.0,5,Alta
35.0,3518.0797709027383,Superior,Norte,25.0,2,Média
46.0,3804.195915346669,Médio,Sudeste,58.0,2,Média
45.0,1859.7929443070257,Superior,Nordeste,35.0,3,Baixa
62.0,4095.48695674826,Médio,Sudeste,24.0,3,Alta
40.0,3590.578892636626,Médio,Centro-Oeste,43.0,2,Média
32.0,1546.0218247483033,Superior,Sul,55.0,5,Baixa
19.0,3423.2043322751047,Pós-graduação,Nordeste,34.0,5,Média
36.0,3380.4056542147873,Médio,Sudeste,53.0,1,Média
60.0,6196.3417499669595,Médio,Norte,44.0,4,Alta
18.0,4841.319992770114,Superior,Sul,49.0,1,Alta
64.0,3517.168158637199,Superior,Sul,31.0,5,Média
46.0,3873.1809647016244,Fundamental,Sudeste,21.0,1,Média
25.0,3566.318567156297,Médio,Sudeste,33.0,1,Média
33.0,3195.629022806678,Médio,Nordeste,56.0,4,Média
46.0,1876.3592039175696,Pós-graduação,Sudeste,51.0,4,Baixa
44.0,3273.422183589606,Médio,Sudeste,51.0,0,Média
23.0,2380.85261502123,Médio,Nordeste,55.0,3,Média
52.0,1624.5266916152805,Pós-graduação,Sudeste,34.0,2,Baixa
52.0,4266.832721821302,Médio,Sudeste,32.0,3,Alta
24.0,4086.8969898998525,Médio,Sudeste,57.0,3,Alta
32.0,819.9387329478832,Médio,Sudeste,42.0,5,Baixa
30.0,3315.9730437573094,Fundamental,Sudeste,31.0,5,Média
52.0,4993.552078849885,Fundamental,Sudeste,31.0,3,Alta
55.0,5088.835608344481,Médio,Nordeste,55.0,4,Alta
55.0,5038.755264327858,Superior,Centro-Oeste,22.0,5,Alta
66.0,3558.3698103521897,Superior,Norte,22.0,1,Média
57.0,2232.432008046273,Fundamental,Sudeste,49.0,4,Média
34.0,1874.4517589629093,Superior,Centro-Oeste,20.0,4,Baixa
23.0,4016.9073571255362,Médio,Centro-Oeste,26.0,0,Alta
49.0,4068.9200515477446,Pós-graduação,Nordeste,59.0,5,Alta
65.0,5430.996667407599,Médio,Nordeste,37.0,4,Alta
68.0,5149.969475513126,Superior,Sudeste,49.0,2,Alta
29.0,3301.657015203242,Médio,Nordeste,39.0,2,Média
30.0,1633.691181708696,Superior,Norte,23.0,2,Baixa
19.0,3514.963299360965,Médio,Sudeste,27.0,5,Média
25.0,3825.846792215787,Superior,Centro-Oeste,50.0,5,Média
46.0,3196.8751319158937,Médio,Centro-Oeste,23.0,4,Média
46.0,2633.1588378835163,Pós-graduação,Centro-Oeste,43.0,3,Média
37.0,3879.327222454848,Médio,Sudeste,33.0,0,Média
34.0,2744.0633878840845,Superior,Nordeste,34.0,5,Média
61.0,2557.900874411939,Superior,Sudeste,58.0,0,Média
41.0,3967.1792514551594,Pós-graduação,Sul,44.0,1,Média
60.0,3514.963299360965,Médio,Sudeste,44.0,0,Média
68.0,3866.1565834675284,Médio,Centro-Oeste,34.0,5,Média
34.0,3909.806034278184,Médio,Sudeste,35.0,2,Média
28.0,1790.8564983626381,Médio,Sudeste,47.0,1,Baixa
67.0,2778.1383142018817,Superior,Centro-Oeste,21.0,0,Média
51.0,5656.665409874693,Pós-graduação,Sudeste,29.0,2,Alta
33.0,3514.963299360965,Pós-graduação,Nordeste,44.0,4,Baixa
50.0,325.0183265442033,Médio,Nordeste,44.0,5,Baixa
44.0,707.2322701362327,Superior,Centro-Oeste,23.0,3,Baixa
65.0,3543.664919865004,Superior,Nordeste,51.0,3,Média
31.0,3546.3759170490484,Pós-graduação,Centro-Oeste,41.0,5,Média
69.0,3323.5837168623184,Médio,Sudeste,29.0,5,Média
66.0,5321.284743392753,Médio,Sul,50.0,1,Alta
26.0,4093.9008116462355,Médio,Sudeste,36.0,3,Alta
45.0,5842.15730270536,Médio,Sudeste,31.0,5,Alta
20.0,1808.328852662429,Pós-graduação,Norte,31.0,0,Baixa
33.0,2930.2902323151575,Pós-graduação,Nordeste,43.0,0,Média
40.0,2370.6621241570683,Pós-graduação,Nordeste,21.0,5,Média
44.0,2158.4809308837066,Superior,Nordeste,39.0,4,Média
69.0,3010.6069924654403,Médio,Nordeste,20.0,1,Média
25.0,5641.227925526757,Médio,Centro-Oeste,21.0,5,Alta
64.0,6256.080013231281,Médio,Sudeste,37.0,0,Alta
22.0,2996.0911624397786,Superior,Norte,49.0,4,Média
56.0,6357.590321096705,Médio,Nordeste,55.0,1,Alta
61.0,3553.3647154769374,Superior,Nordeste,23.0,0,Média
44.0,6130.536540051622,Médio,Sudeste,29.0,4,Alta
29.0,3360.0520255197625,Superior,Nordeste,36.0,5,Média
64.0,3696.5867390692165,Médio,Sudeste,42.0,0,Média
24.0,3514.963299360965,Médio,Nordeste,59.0,0,Alta
44.0,3514.963299360965,Fundamental,Norte,47.0,3,Alta
42.0,4776.928362267184,Médio,Sul,41.0,0,Alta
34.0,2439.1032050728045,Superior,Nordeste,22.0,4,Média
19.0,4953.496805413787,Médio,Nordeste,23.0,5,Alta
58.0,2957.251194373488,Médio,Nordeste,26.0,4,Média
35.0,2765.3747256481865,Superior,Sul,46.0,1,Média
52.0,4862.902039838167,Superior,Sudeste,33.0,1,Alta
39.0,3546.6283816567293,Fundamental,Sudeste,29.0,4,Média
37.0,3917.863871767709,Médio,Sul,46.0,0,Média
64.0,3520.977832797939,Médio,Nordeste,52.0,3,Média
22.0,4004.874689908152,Superior,Sul,37.0,2,Alta
56.0,4137.448846154224,Médio,Nordeste,55.0,4,Alta
56.0,594.5496009418771,Fundamental,Sudeste,49.0,1,Baixa
37.0,4499.859002914301,Fundamental,Centro-Oeste,48.0,4,Alta
31.0,2026.970870254549,Superior,Centro-Oeste,54.0,4,Média
18.0,1336.551296660883,Fundamental,Sul,27.0,1,Baixa
66.0,3412.3831342119765,Superior,Nordeste,50.0,2,Média
67.0,3625.9715049716815,Médio,Sul,58.0,0,Média
30.0,2459.740753141579,Superior,Centro-Oeste,59.0,2,Média
19.0,4746.547786501962,Médio,Sudeste,43.0,1,Alta
24.0,1486.7372504436396,Médio,Sul,50.0,0,Baixa
21.0,2889.5843768411614,Fundamental,Norte,55.0,3,Média
61.0,2622.688797600499,Superior,Sul,54.0,3,Média
64.0,3430.119094490991,Superior,Sudeste,55.0,0,Média
25.0,3918.296426970858,Fundamental,Sudeste,53.0,1,Média
56.0,1988.1605755646829,Médio,Nordeste,35.0,0,Baixa
27.0,4586.424016184343,Pós-graduação,Sudeste,49.0,4,Alta
37.0,3594.5035525020494,Médio,Sudeste,36.0,2,Média
44.0,3514.963299360965,Médio,Sudeste,52.0,0,Baixa
55.0,3514.963299360965,Médio,Nordeste,52.0,1,Baixa
63.0,3481.521060606033,Superior,Nordeste,57.0,5,Média
20.0,3168.5490233204687,Superior,Sudeste,43.0,1,Média
28.0,3344.86982963805,Superior,Norte,39.0,4,Média
32.0,3458.026315204673,Pós-graduação,Sudeste,26.0,2,Média
34.0,3838.339759265271,Médio,Sul,45.0,1,Média
69.0,4921.47441477245,Médio,Norte,42.0,1,Alta
58.0,1833.3426486236626,Médio,Nordeste,40.0,0,Baixa
34.0,1742.0426106488078,Médio,Sudeste,47.0,4,Baixa
68.0,1860.0142131689263,Médio,Norte,54.0,2,Baixa
43.0,3933.3750007530602,Fundamental,Sudeste,25.0,2,Média
44.0,5367.421067969668,Médio,Sudeste,37.0,0,Alta
40.0,2852.990842640734,Superior,Sudeste,48.0,4,Média
66.0,944.0107060844366,Médio,Sudeste,51.0,3,Baixa
18.0,3514.963299360965,Superior,Sudeste,51.0,5,Média
44.0,3514.963299360965,Superior,Nordeste,54.0,4,Média
44.0,2887.4170591179104,Superior,Sudeste,58.0,3,Média
32.0,3557.8716844713754,Superior,Sul,44.0,5,Média
24.0,3032.380503766329,Superior,Sudeste,29.0,1,Média
18.0,5074.0094158151105,Fundamental,Sudeste,42.0,5,Alta
53.0,2485.974041477947,Médio,Nordeste,48.0,3,Média
68.0,2206.523060786685,Superior,Nordeste,24.0,2,Média
24.0,4218.313307780692,Médio,Nordeste,50.0,1,Alta
33.0,1196.5368951108212,Fundamental,Norte,41.0,4,Baixa
44.0,4084.5375579800034,Médio,Sul,57.0,5,Alta
66.0,3653.8297755894005,Médio,Nordeste,28.0,4,Média
54.0,3278.836265122749,Médio,Sudeste,56.0,0,Média
57.0,5882.4141607238935,Médio,Nordeste,37.0,2,Alta
48.0,2566.688832057923,Superior,Nordeste,42.0,4,Média
39.0,6590.447255786117,Pós-graduação,Centro-Oeste,46.0,2,Alta
28.0,3161.8528261578513,Médio,Nordeste,43.0,4,Média
62.0,1584.4753325446577,Pós-graduação,Sudeste,56.0,4,Baixa
59.0,3514.963299360965,Fundamental,Sul,26.0,0,Média
19.0,1885.6321995218477,Pós-graduação,Sul,49.0,3,Baixa
55.0,2372.3662282797495,Pós-graduação,Nordeste,58.0,1,Média
22.0,4095.5499500232368,Fundamental,Sudeste,28.0,2,Alta
56.0,4333.373132975187,Superior,Nordeste,30.0,2,Alta
60.0,2566.7484496186125,Pós-graduação,Sul,39.0,4,Média
24.0,4981.107717569601,Pós-graduação,Sudeste,48.0,5,Alta
40.0,5236.261637031701,Pós-graduação,Nordeste,58.0,2,Alta
24.0,5654.452634844936,Superior,Nordeste,51.0,3,Alta
47.0,4294.120110688584,Fundamental,Norte,51.0,3,Alta
66.0,5545.143068128548,Superior,Nordeste,37.0,3,Alta
22.0,678.8023580389136,Superior,Sul,45.0,3,Baixa
38.0,3023.140177057306,Superior,Sudeste,28.0,4,Média
68.0,2199.4921155148604,Médio,Sul,38.0,5,Média
33.0,3678.8387916910883,Superior,Nordeste,27.0,4,Média
24.0,2642.8261712048943,Médio,Sudeste,21.0,0,Média
43.0,3250.7632370754013,Superior,Nordeste,54.0,2,Média
44.0,6323.262320306074,Fundamental,Sudeste,52.0,2,Alta
52.0,3245.4203053694328,Superior,Nordeste,40.0,3,Média
34.0,4120.68847578532,Superior,Nordeste,20.0,3,Alta
67.0,3151.596005113647,Médio,Sudeste,23.0,4,Média
45.0,3613.5699319352507,Médio,Nordeste,24.0,2,Média
32.0,3514.963299360965,Médio,Sudeste,48.0,1,Média
67.0,4172.486098959739,Pós-graduação,Sudeste,28.0,2,Alta
66.0,5247.961303320765,Superior,Nordeste,30.0,5,Alta
43.0,5971.090996404994,Médio,Sul,54.0,1,Alta
19.0,3964.4301228637505,Médio,Sudeste,55.0,0,Média
49.0,4384.320329053403,Médio,Sudeste,50.0,5,Alta
46.0,1773.7032362216496,Médio,Sudeste,32.0,1,Baixa
25.0,3368.184886376569,Pós-graduação,Sudeste,43.0,3,Média
50.0,4910.434197325383,Superior,Sudeste,28.0,4,Alta
61.0,4798.95295762573,Médio,Sul,54.0,1,Alta
23.0,3817.414599192575,Superior,Sudeste,23.0,2,Média
55.0,4829.590939351929,Médio,Nordeste,49.0,1,Alta
25.0,4236.150063490728,Superior,Nordeste,40.0,0,Alta
56.0,5300.459387388983,Médio,Sudeste,50.0,0,Alta
39.0,3514.963299360965,Superior,Norte,38.0,1,Média
18.0,2966.452526643448,Pós-graduação,Nordeste,26.0,2,Média
68.0,4003.7618853995355,Médio,Norte,50.0,3,Alta
48.0,4074.328604577574,Pós-graduação,Nordeste,38.0,5,Alta
44.0,914.8048888918729,Fundamental,Sudeste,33.0,0,Baixa
56.0,4177.652901411477,Superior,Sudeste,39.0,5,Alta
59.0,4216.294005900193,Médio,Nordeste,30.0,0,Alta
40.0,1756.3568297901043,Fundamental,Sudeste,31.0,3,Baixa
42.0,2431.846937181592,Médio,Sudeste,31.0,2,Média
50.0,5555.811482921198,Superior,Sudeste,20.0,3,Alta
58.0,2773.9548026409857,Médio,Sudeste,57.0,5,Média
62.0,6864.380468604478,Médio,Nordeste,29.0,5,Alta
18.0,3497.1202202354807,Superior,Sul,26.0,1,Média
52.0,4112.0542653219,Médio,Nordeste,26.0,3,Alta
23.0,5925.311597747912,Superior,Sudeste,59.0,5,Alta
32.0,3696.5406742901296,Médio,Sudeste,39.0,4,Média
61.0,1996.4840289637982,Pós-graduação,Nordeste,33.0,5,Baixa
31.0,3335.408822458565,Superior,Sudeste,36.0,2,Média
59.0,3514.963299360965,Fundamental,Nordeste,23.0,1,Média
42.0,1452.887521697652,Superior,Sudeste,32.0,3,Baixa
30.0,3116.251892988765,Médio,Sudeste,29.0,4,Média
35.0,2386.711859003845,Fundamental,Nordeste,52.0,5,Média
45.0,3514.963299360965,Médio,Norte,22.0,4,Alta
57.0,3551.9178112778836,Superior,Sudeste,37.0,4,Média
49.0,3075.806376278645,Fundamental,Nordeste,51.0,3,Média
44.0,3340.727104066136,Médio,Sul,53.0,1,Média
44.0,3834.683027609249,Fundamental,Sudeste,40.0,2,Média
44.0,4425.22129953467,Médio,Sudeste,28.0,2,Alta
49.0,2000.431656995928,Médio,Nordeste,33.0,4,Média
33.0,1937.6185510680923,Médio,Sudeste,28.0,3,Baixa
39.0,5157.0188231037955,Médio,Sul,46.0,4,Alta
24.0,2881.494691692904,Fundamental,Nordeste,31.0,0,Média
37.0,1374.736861104689,Superior,Nordeste,45.0,4,Baixa
66.0,4165.719064074657,Médio,Nordeste,46.0,3,Alta
40.0,4195.054709049031,Superior,Centro-Oeste,57.0,5,Alta
23.0,1203.9271141149402,Fundamental,Sudeste,34.0,2,Baixa
51.0,3844.2225731954095,Fundamental,Sudeste,58.0,2,Média
68.0,4603.374638642561,Médio,Sudeste,36.0,0,Alta
63.0,4061.5796775593944,Médio,Nordeste,47.0,4,Alta
32.0,4447.972225642093,Médio,Nordeste,46.0,4,Alta
41.0,1393.5963528638763,Superior,Nordeste,52.0,5,Baixa
45.0,3996.5602324942934,Médio,Sudeste,38.0,0,Média
30.0,3046.07036079433,Médio,Sudeste,51.0,1,Média
31.0,2775.8147619130327,Superior,Centro-Oeste,34.0,5,Média
30.0,4805.83341412959,Fundamental,Sudeste,39.0,0,Alta
69.0,5718.911766011345,Médio,Norte,39.0,3,Alta
56.0,6191.555081900538,Médio,Nordeste,48.0,2,Alta
61.0,5472.211807258857,Médio,Nordeste,44.0,5,Alta
60.0,3335.3987275547242,Fundamental,Sul,23.0,5,Média
67.0,4029.0802445395148,Superior,Sudeste,52.0,5,Alta
23.0,4650.2343076763655,Pós-graduação,Sudeste,50.0,1,Alta
44.0,3681.766923949193,Fundamental,Norte,24.0,3,Média
21.0,3696.1462818673167,Superior,Nordeste,58.0,4,Média
42.0,4735.629697814273,Superior,Sudeste,46.0,5,Alta
48.0,3411.076030961102,Médio,Centro-Oeste,23.0,0,Média
36.0,3514.963299360965,Superior,Sul,39.0,5,Média
25.0,2878.2904012462122,Superior,Sudeste,53.0,2,Média
27.0,4450.865566600613,Pós-graduação,Centro-Oeste,31.0,0,Alta
60.0,3504.4899367999337,Pós-graduação,Sudeste,57.0,3,Média
44.0,4010.3149653025066,Fundamental,Sul,36.0,4,Alta
34.0,4505.118863303285,Médio,Sudeste,29.0,0,Alta
66.0,2937.7378056535854,Médio,Sudeste,34.0,0,Média
25.0,4634.372245444709,Fundamental,Sul,40.0,5,Alta
65.0,4068.2639051875917,Médio,Nordeste,47.0,5,Alta
65.0,1647.7803696327821,Pós-graduação,Sul,57.0,0,Baixa
49.0,5663.457186779367,Fundamental,Nordeste,27.0,5,Alta
26.0,2748.882884364626,Médio,Sudeste,58.0,5,Média
26.0,1017.3569852222245,Superior,Sudeste,41.0,5,Baixa
44.0,1932.4344356205465,Médio,Sudeste,25.0,1,Baixa
48.0,1968.4322589825172,Médio,Sudeste,57.0,3,Baixa
44.0,3578.2599779863003,Pós-graduação,Sudeste,33.0,5,Média
41.0,3089.2242416806444,Médio,Nordeste,44.0,5,Média
24.0,2994.7520485391105,Fundamental,Nordeste,47.0,3,Média
46.0,4429.552948223718,Fundamental,Nordeste,20.0,1,Alta
19.0,4009.8130417890557,Pós-graduação,Sudeste,28.0,0,Alta
54.0,3974.0718059664296,Médio,Centro-Oeste,47.0,1,Média
20.0,4114.742685993039,Médio,Nordeste,32.0,0,Alta
28.0,4424.202002003358,Fundamental,Sul,20.0,1,Alta
27.0,338.06998733383534,Médio,Centro-Oeste,20.0,0,Baixa
61.0,2953.342621603308,Pós-graduação,Centro-Oeste,53.0,4,Média
20.0,229.68490326578922,Médio,Centro-Oeste,26.0,3,Baixa
40.0,3554.089890196693,Pós-graduação,Nordeste,24.0,3,Média
48.0,3493.050541663482,Médio,Sudeste,42.0,4,Média
44.0,5068.29841218452,Médio,Centro-Oeste,24.0,2,Alta
53.0,5281.451589081681,Superior,Norte,46.0,2,Alta
59.0,3804.162572378551,Médio,Sul,41.0,1,Média
38.0,2749.4583839046504,Médio,Sudeste,45.0,2,Média
61.0,4227.741668818607,Superior,Sudeste,39.0,1,Alta
34.0,2708.1235440135297,Médio,Sudeste,51.0,3,Média
69.0,3497.911022834977,Médio,Sul,45.0,5,Média
44.0,4979.204475441152,Pós-graduação,Nordeste,36.0,3,Alta
56.0,2663.3429810158646,Médio,Sudeste,20.0,1,Média
63.0,4708.517958863751,Médio,Sudeste,30.0,4,Alta
59.0,4516.102053038454,Fundamental,Nordeste,25.0,4,Alta
62.0,3514.963299360965,Médio,Nordeste,20.0,2,Média
45.0,4960.841192326101,Médio,Nordeste,30.0,1,Alta
20.0,4547.849518057257,Superior,Sudeste,28.0,4,Alta
43.0,3652.8888310589864,Médio,Sudeste,23.0,1,Média
27.0,2356.5148129585214,Superior,Sudeste,32.0,5,Média
64.0,2211.190972136645,Médio,Nordeste,40.0,1,Média
30.0,2693.5061346454663,Médio,Nordeste,27.0,2,Média
29.0,4313.89169493794,Médio,Sudeste,30.0,4,Alta
30.0,2066.5622488979034,Superior,Sudeste,20.0,0,Média
51.0,4156.268372929805,Médio,Sul,22.0,1,Alta
47.0,1637.3667066824112,Médio,Sul,26.0,0,Baixa
67.0,3193.8971233417265,Superior,Sul,38.0,2,Média
39.0,3664.471631861013,Superior,Sudeste,46.0,3,Média
20.0,1434.0265167194489,Pós-graduação,Sudeste,45.0,2,Baixa
18.0,5708.0218497352,Médio,Norte,44.0,4,Alta
37.0,3724.76362098092,Fundamental,Nordeste,57.0,5,Média
66.0,4116.757877023945,Médio,Centro-Oeste,30.0,0,Alta
45.0,3677.5218700823066,Fundamental,Nordeste,51.0,3,Média
64.0,4167.09022729285,Médio,Nordeste,57.0,0,Alta
23.0,3269.4723434569732,Superior,Sul,42.0,3,Média
22.0,5681.075272186187,Fundamental,Nordeste,53.0,5,Alta
61.0,2815.2932836629166,Superior,Sul,25.0,4,Média
23.0,5198.351858268872,Pós-graduação,Sudeste,55.0,1,Alta
20.0,2533.4493196804656,Superior,Sudeste,42.0,1,Média
39.0,3409.6222303980694,Superior,Sudeste,28.0,4,Média
66.0,1892.056171564671,Superior,Nordeste,22.0,4,Baixa
53.0,4182.53558052128,Pós-graduação,Sudeste,48.0,1,Alta
23.0,5667.6889353898005,Médio,Nordeste,37.0,0,Alta
61.0,3383.9657302687187,Médio,Sul,32.0,2,Média
61.0,3204.6714519441357,Médio,Nordeste,35.0,3,Média
59.0,1828.0745553981099,Médio,Nordeste,59.0,2,Baixa
64.0,3156.061019671538,Médio,Sudeste,37.0,5,Média
30.0,1110.8086104177087,Superior,Sudeste,23.0,4,Baixa
68.0,2130.6830199217593,Fundamental,Sudeste,31.0,4,Média
44.0,3840.179069163703,Pós-graduação,Sudeste,25.0,0,Média
59.0,5478.519796612094,Médio,Nordeste,47.0,5,Alta
58.0,2620.122372393649,Fundamental,Nordeste,53.0,2,Média
50.0,5652.95023496816,Médio,Nordeste,45.0,3,Alta
51.0,3865.6287206024717,Médio,Nordeste,50.0,4,Média
50.0,3273.1285298804364,Fundamental,Nordeste,36.0,5,Média
58.0,4148.8916775892285,Médio,Nordeste,45.0,3,Alta
56.0,3592.8747255199387,Médio,Sudeste,24.0,0,Média
24.0,3665.5935884183277,Médio,Nordeste,41.0,3,Média
60.0,2887.5002557599964,Médio,Nordeste,42.0,4,Média
45.0,1402.8355103017238,Médio,Sudeste,21.0,0,Baixa
34.0,1184.5621962168775,Médio,Nordeste,41.0,4,Baixa
44.0,4479.867324921841,Fundamental,Sudeste,48.0,1,Alta
68.0,3084.94986487143,Fundamental,Sul,34.0,5,Média
62.0,2605.86665051575,Médio,Centro-Oeste,41.0,3,Média
61.0,3512.7584400847304,Superior,Sul,31.0,1,Média
42.0,4692.3983793734415,Pós-graduação,Nordeste,30.0,0,Alta
58.0,3770.545914539597,Pós-graduação,Norte,25.0,0,Média
38.0,2515.917595038549,Médio,Sudeste,33.0,4,Média
53.0,5339.439433473424,Médio,Sudeste,52.0,2,Alta
51.0,5868.778254472448,Médio,Sudeste,57.0,5,Alta
30.0,4241.83498298428,Superior,Norte,45.0,1,Alta
31.0,3514.963299360965,Superior,Sudeste,44.0,5,Alta
21.0,5362.939995220717,Superior,Centro-Oeste,44.0,5,Alta
25.0,5195.148974606771,Superior,Nordeste,39.0,0,Alta
40.0,4421.148765668935,Médio,Nordeste,36.0,3,Alta
44.0,4397.520570612324,Superior,Sul,44.0,5,Alta
26.0,3514.963299360965,Superior,Norte,51.0,1,Alta
39.0,1853.9934881794347,Médio,Sudeste,36.0,0,Baixa
49.0,4551.084735289379,Pós-graduação,Sudeste,42.0,5,Alta
30.0,1466.279043310169,Fundamental,Sudeste,38.0,2,Baixa
35.0,2308.1008173124173,Pós-graduação,Sudeste,31.0,0,Média
37.0,5455.347601712131,Superior,Sudeste,31.0,5,Alta
44.0,4760.330244041296,Fundamental,Nordeste,23.0,4,Alta
37.0,5731.097434528794,Superior,Norte,37.0,0,Alta
56.0,3514.963299360965,Fundamental,Sudeste,48.0,1,Média
35.0,1771.6267380848487,Superior,Nordeste,47.0,0,Baixa
40.0,3139.3442043944856,Superior,Nordeste,59.0,5,Média
37.0,3653.0469458608613,Superior,Nordeste,21.0,0,Média
27.0,3618.4830745100144,Superior,Nordeste,50.0,4,Média
53.0,5200.520718135052,Fundamental,Norte,51.0,3,Alta
44.0,2958.094362494832,Médio,Norte,37.0,3,Média
33.0,4028.0517077043864,Médio,Sul,31.0,4,Alta
59.0,2017.059275848091,Fundamental,Nordeste,34.0,5,Média
67.0,3514.963299360965,Médio,Sul,47.0,0,Alta
52.0,3504.6628252784553,Médio,Sul,54.0,0,Média
65.0,2375.279992573224,Médio,Nordeste,45.0,0,Média
62.0,3146.2559567377207,Médio,Sudeste,40.0,4,Média
43.0,3223.7363802271675,Superior,Sudeste,46.0,3,Média
58.0,3514.963299360965,Médio,Sudeste,22.0,0,Média
35.0,6157.011863401525,Superior,Nordeste,44.0,1,Alta
41.0,3514.963299360965,Médio,Nordeste,21.0,3,Média
45.0,3134.1558347339933,Médio,Norte,58.0,4,Média
67.0,353.8235635847873,Médio,Sudeste,55.0,2,Baixa
62.0,3514.963299360965,Médio,Sul,40.0,5,Média
43.0,3105.389863315471,Médio,Sudeste,34.0,5,Média
51.0,2471.220985735036,Médio,Sudeste,49.0,4,Média
28.0,5572.561390066696,Médio,Sul,45.0,2,Alta
44.0,3252.593336905672,Médio,Sudeste,48.0,5,Média
44.0,5432.6663739773785,Superior,Norte,40.0,4,Alta
45.0,3592.556951075552,Médio,Sudeste,29.0,3,Média
44.0,3555.841754632365,Superior,Centro-Oeste,22.0,2,Média
50.0,3366.8053284312487,Médio,Norte,31.0,4,Média
21.0,3514.963299360965,Pós-graduação,Sudeste,41.0,3,Média
32.0,6078.1925045747885,Superior,Sul,36.0,1,Alta
27.0,20.583909873172615,Pós-graduação,Nordeste,40.0,5,Baixa
56.0,497.6813833419819,Superior,Sudeste,31.0,0,Baixa
19.0,2685.2437534158294,Fundamental,Nordeste,57.0,4,Média
28.0,3521.7918229063534,Médio,Norte,34.0,3,Média
49.0,4535.1566371460185,Médio,Nordeste,53.0,3,Alta
54.0,4209.630797041213,Superior,Sudeste,35.0,0,Alta
44.0,2923.631130679145,Superior,Sudeste,37.0,2,Média
62.0,5028.565539862644,Médio,Nordeste,44.0,5,Alta
65.0,5045.293104729097,Pós-graduação,Nordeste,30.0,1,Alta
24.0,3776.0867469073482,Fundamental,Nordeste,28.0,4,Média
67.0,4943.986358730262,Superior,Norte,35.0,5,Alta
49.0,3908.9678951481933,Superior,Sudeste,52.0,5,Média
51.0,2657.7754598256743,Fundamental,Sudeste,25.0,3,Média
22.0,4546.725258500007,Superior,Sudeste,37.0,1,Alta
50.0,3665.9196838680164,Superior,Centro-Oeste,46.0,4,Média
55.0,3502.0097701317304,Fundamental,Sudeste,48.0,2,Média
48.0,5709.430358284361,Médio,Nordeste,37.0,3,Alta
45.0,1373.4737447606453,Superior,Sul,20.0,4,Baixa
66.0,1719.394360438445,Fundamental,Sudeste,38.0,1,Baixa
44.0,2955.1090286467916,Pós-graduação,Sul,52.0,4,Média
25.0,3118.0877453509547,Superior,Sul,21.0,3,Média
67.0,1239.0115283404289,Médio,Sudeste,55.0,5,Baixa
67.0,2022.2629515337605,Médio,Sul,47.0,3,Média
26.0,2208.737482214645,Superior,Centro-Oeste,20.0,5,Média
39.0,6202.61292162072,Médio,Norte,28.0,5,Alta
48.0,2882.3758734730263,Médio,Nordeste,57.0,4,Média
41.0,2954.6250645398018,Fundamental,Nordeste,42.0,3,Média
58.0,1776.1940042175588,Pós-graduação,Nordeste,32.0,0,Baixa
69.0,637.8043801620997,Médio,Sudeste,31.0,2,Baixa
44.0,3324.679720387214,Superior,Sudeste,42.0,2,Média
66.0,2003.2220251339616,Médio,Sudeste,20.0,4,Média
67.0,3372.7242025069854,Pós-graduação,Nordeste,30.0,3,Média
22.0,1099.6912264347839,Fundamental,Sudeste,26.0,2,Baixa
31.0,2357.0383125346134,Fundamental,Nordeste,44.0,0,Média
44.0,3722.9406429542464,Pós-graduação,Norte,46.0,4,Média
48.0,4049.314396675906,Pós-graduação,Nordeste,38.0,2,Alta
20.0,4126.207938113022,Médio,Nordeste,25.0,0,Alta
22.0,3514.963299360965,Médio,Nordeste,34.0,1,Baixa
45.0,4782.028595203343,Médio,Sudeste,53.0,5,Alta
50.0,2299.682455097224,Médio,Sudeste,28.0,0,Média
44.0,4449.286871910959,Médio,Sudeste,26.0,2,Alta
26.0,3484.0419850727103,Superior,Nordeste,24.0,3,Média
24.0,1435.418751383078,Médio,Sudeste,52.0,0,Baixa
47.0,3025.703443128218,Superior,Sudeste,24.0,0,Média
18.0,4048.0456130956513,Fundamental,Nordeste,43.0,5,Alta
47.0,4419.448070711898,Fundamental,Sudeste,59.0,3,Alta
42.0,3288.5181538333723,Superior,Sudeste,45.0,1,Média
42.0,5797.668335901579,Médio,Centro-Oeste,36.0,1,Alta
53.0,5011.266156479838,Superior,Nordeste,28.0,2,Alta
45.0,3514.963299360965,Fundamental,Sudeste,20.0,4,Média
55.0,3514.963299360965,Pós-graduação,Nordeste,26.0,4,Alta
57.0,6400.69022778228,Superior,Nordeste,58.0,1,Alta
65.0,6440.726901174541,Superior,Nordeste,25.0,4,Alta
59.0,1658.0001787662538,Fundamental,Sul,20.0,5,Baixa
44.0,2110.200333264274,Médio,Nordeste,52.0,1,Média
43.0,5727.378180100776,Médio,Nordeste,36.0,0,Alta
30.0,1912.5784237435441,Médio,Nordeste,34.0,5,Baixa
49.0,1516.1883000624814,Médio,Sul,48.0,3,Baixa
25.0,2770.7088039514297,Fundamental,Sudeste,40.0,4,Média
66.0,4130.340064211879,Médio,Sul,56.0,1,Alta
61.0,3346.4049400833555,Médio,Nordeste,38.0,1,Média
24.0,2524.154569391612,Médio,Nordeste,48.0,1,Média
58.0,2488.6813074132365,Médio,Sudeste,55.0,1,Média
24.0,2431.494403380937,Médio,Nordeste,38.0,2,Média
55.0,2180.735557011586,Superior,Sudeste,31.0,0,Média
22.0,6922.449315914093,Médio,Sul,58.0,5,Alta
43.0,3946.2666067783325,Médio,Sudeste,29.0,3,Média
52.0,4830.138581607108,Médio,Sul,21.0,5,Alta
55.0,2766.3837978216143,Superior,Sudeste,43.0,3,Média
39.0,3221.064984220927,Médio,Nordeste,59.0,1,Média
65.0,2429.6690279444674,Superior,Sudeste,23.0,3,Média
28.0,1432.9860847282007,Médio,Sudeste,53.0,4,Baixa
52.0,784.0719800294078,Pós-graduação,Nordeste,57.0,4,Baixa
55.0,125.32433307258862,Superior,Nordeste,36.0,0,Baixa
44.0,1706.961538552846,Fundamental,Sudeste,30.0,3,Baixa
56.0,5487.433519072446,Médio,Norte,40.0,3,Alta
64.0,3514.963299360965,Superior,Norte,25.0,1,Média
60.0,5435.845643481761,Pós-graduação,Sudeste,53.0,0,Alta
57.0,4116.473865351313,Médio,Norte,46.0,4,Alta
50.0,4673.838238572739,Fundamental,Sudeste,39.0,1,Alta
32.0,2148.6545070431375,Superior,Nordeste,40.0,3,Média
59.0,4285.926431289006,Fundamental,Nordeste,48.0,1,Alta
36.0,3514.963299360965,Superior,Nordeste,40.0,3,Alta
45.0,2635.0290616494603,Médio,Sudeste,53.0,0,Média
44.0,4339.3105559242495,Superior,Sul,56.0,2,Alta
34.0,4349.281637862249,Superior,Nordeste,57.0,3,Alta
26.0,2675.671068304876,Superior,Sul,44.0,2,Média
67.0,1815.8473515935075,Superior,Sudeste,49.0,3,Baixa
25.0,1723.8075021525915,Superior,Sudeste,32.0,1,Baixa
22.0,3629.7583128821925,Superior,Sudeste,21.0,2,Média
66.0,3514.963299360965,Superior,Sudeste,36.0,4,Média
46.0,2311.2112543131284,Fundamental,Sudeste,54.0,2,Média
40.0,3539.878011989148,Superior,Sudeste,25.0,0,Média
56.0,4355.805554207728,Médio,Sudeste,41.0,5,Alta
37.0,4427.286071997951,Superior,Nordeste,27.0,4,Alta
24.0,5827.820180183733,Superior,Nordeste,37.0,4,Alta
55.0,5415.471248297065,Médio,Sudeste,25.0,4,Alta
27.0,1998.062850865184,Médio,Norte,49.0,4,Baixa
46.0,6025.379314307034,Médio,Nordeste,52.0,4,Alta
67.0,2703.535243166428,Superior,Nordeste,50.0,3,Média
66.0,5067.309218681641,Médio,Nordeste,48.0,0,Alta
36.0,3601.9799390766334,Fundamental,Sudeste,29.0,3,Média
58.0,2881.7759323145488,Superior,Sudeste,41.0,1,Média
49.0,788.4547103376008,Superior,Centro-Oeste,24.0,4,Baixa
42.0,3242.6532346754775,Médio,Nordeste,34.0,2,Média
25.0,1160.9251470415866,Médio,Centro-Oeste,40.0,5,Baixa
37.0,4950.948853764158,Pós-graduação,Nordeste,46.0,3,Alta
51.0,5775.188985708872,Superior,Sudeste,23.0,3,Alta
69.0,3514.963299360965,Superior,Sudeste,52.0,5,Média
18.0,3952.956113778907,Médio,Sudeste,38.0,2,Média
55.0,2411.9127169880367,Médio,Sudeste,55.0,2,Média
62.0,3514.963299360965,Fundamental,Sul,41.0,2,Média
67.0,4661.742055798057,Superior,Sudeste,41.0,5,Alta
40.0,3442.192607234881,Fundamental,Sudeste,47.0,4,Média
24.0,6109.472062896517,Fundamental,Sudeste,52.0,0,Alta
32.0,2776.6512819456184,Superior,Norte,26.0,2,Média
62.0,4999.0044987117335,Pós-graduação,Sul,40.0,2,Alta
63.0,3646.120119436673,Superior,Nordeste,21.0,3,Média
51.0,4693.66701461635,Médio,Nordeste,38.0,0,Alta
24.0,2829.2635140050797,Médio,Sul,52.0,4,Média
24.0,3425.661743672626,Médio,Sudeste,54.0,4,Média
42.0,3326.751681051598,Médio,Norte,31.0,1,Média
48.0,2245.914327731319,Médio,Norte,35.0,0,Média
19.0,4493.122301872629,Médio,Norte,42.0,3,Alta
53.0,4475.3735083675465,Superior,Sudeste,35.0,1,Alta
46.0,3514.963299360965,Superior,Norte,27.0,5,Alta
18.0,5805.448480876466,Pós-graduação,Sul,32.0,4,Alta
22.0,5674.017201854455,Fundamental,Sul,36.0,5,Alta
41.0,3514.963299360965,Médio,Sudeste,40.0,3,Média
55.0,4059.5784776512673,Médio,Sudeste,56.0,5,Alta
60.0,2564.598966112681,Médio,Nordeste,41.0,0,Média
40.0,3535.0329741718333,Médio,Norte,35.0,1,Média
33.0,2600.375826321703,Médio,Sudeste,46.0,0,Média
68.0,3514.963299360965,Superior,Nordeste,50.0,4,Alta
41.0,4045.547225514444,Médio,Nordeste,37.0,3,Alta
34.0,3172.9563078433666,Pós-graduação,Nordeste,39.0,1,Média
41.0,5290.427857784565,Fundamental,Norte,28.0,1,Alta
18.0,244.07688530688256,Fundamental,Centro-Oeste,54.0,3,Baixa
33.0,478.8461077020652,Médio,Sudeste,54.0,1,Baixa
44.0,4693.757982829661,Fundamental,Sudeste,26.0,3,Alta
65.0,3590.702672176052,Médio,Sudeste,33.0,3,Média
56.0,3875.669450391141,Pós-graduação,Sudeste,30.0,1,Média
58.0,1510.405845022177,Médio,Centro-Oeste,56.0,1,Baixa
46.0,3465.149433724451,Médio,Sudeste,22.0,2,Média
23.0,6505.264115602013,Superior,Sudeste,28.0,3,Alta
38.0,4736.299429693794,Médio,Nordeste,32.0,1,Alta
69.0,3754.5598177142183,Superior,Sul,42.0,2,Média
44.0,2841.4191348425934,Médio,Nordeste,29.0,3,Média
63.0,3514.963299360965,Superior,Norte,41.0,1,Média
53.0,306.20316619997357,Fundamental,Nordeste,49.0,3,Baixa
44.0,3886.4606313817408,Médio,Centro-Oeste,53.0,0,Média
58.0,4768.224662722781,Superior,Nordeste,23.0,0,Alta
61.0,1136.5710092440772,Superior,Sudeste,25.0,1,Baixa
20.0,2507.874661539776,Médio,Sul,23.0,1,Média
23.0,3514.963299360965,Superior,Nordeste,56.0,0,Baixa
52.0,2051.973207786855,Fundamental,Sudeste,46.0,5,Média
69.0,3580.22244023285,Médio,Nordeste,41.0,1,Média
19.0,373.3967675172885,Fundamental,Sudeste,51.0,4,Baixa
52.0,4421.405657535596,Superior,Nordeste,43.0,5,Alta
25.0,4630.782604900523,Médio,Nordeste,29.0,4,Alta
51.0,3123.3461179446313,Superior,Sudeste,40.0,4,Média
22.0,2005.3720609964155,Superior,Sudeste,21.0,2,Média
53.0,3514.963299360965,Superior,Sudeste,44.0,4,Alta
62.0,2978.7148817097213,Fundamental,Centro-Oeste,22.0,0,Média
19.0,1729.9988322991114,Fundamental,Norte,30.0,3,Baixa
30.0,4706.855452377255,Superior,Nordeste,37.0,4,Alta
30.0,2487.329071784808,Médio,Norte,33.0,4,Média
41.0,4105.931031103417,Médio,Nordeste,31.0,2,Alta
25.0,4348.190628753639,Médio,Sudeste,45.0,1,Alta
62.0,6254.33875959503,Superior,Nordeste,36.0,1,Alta
44.0,3195.5870844869446,Médio,Sudeste,39.0,1,Média
60.0,4064.066554433917,Médio,Sudeste,51.0,2,Alta
28.0,1272.416781308846,Pós-graduação,Sudeste,23.0,1,Baixa
18.0,5285.620344940616,Médio,Sudeste,34.0,2,Alta
65.0,2359.2367278929532,Superior,Nordeste,22.0,0,Média
33.0,2658.8687538683816,Fundamental,Nordeste,57.0,1,Média
52.0,3466.6283077261837,Médio,Sudeste,27.0,1,Média
65.0,1155.6734819902258,Superior,Sudeste,52.0,0,Baixa
19.0,3843.155043393407,Superior,Nordeste,27.0,5,Média
18.0,4951.199409387516,Superior,Nordeste,32.0,4,Alta
18.0,3939.4007352459375,Médio,Sudeste,44.0,5,Média
26.0,1116.6536537319125,Médio,Sudeste,53.0,3,Baixa
20.0,3514.963299360965,Médio,Nordeste,27.0,0,Média
60.0,4613.043354469236,Médio,Centro-Oeste,28.0,5,Alta
49.0,683.0168510511385,Médio,Sul,55.0,2,Baixa
68.0,1887.850979273429,Médio,Norte,32.0,4,Baixa
44.0,4814.8154061222795,Médio,Sudeste,28.0,2,Alta
68.0,3905.14315129593,Médio,Nordeste,49.0,2,Média
30.0,3514.963299360965,Médio,Sudeste,23.0,2,Alta
32.0,6289.242211434967,Fundamental,Centro-Oeste,54.0,1,Alta
62.0,4202.829167759304,Superior,Norte,55.0,3,Alta
30.0,3514.963299360965,Superior,Sul,54.0,4,Alta
52.0,3179.293162864264,Superior,Sul,24.0,0,Média
59.0,2303.1758545722573,Superior,Nordeste,37.0,5,Média
68.0,4141.694597370699,Médio,Sudeste,33.0,3,Alta
66.0,4158.486544083342,Médio,Sul,58.0,5,Alta
24.0,2709.9269120806875,Fundamental,Sudeste,45.0,3,Média
58.0,1951.4044706677287,Fundamental,Nordeste,57.0,3,Baixa
61.0,6964.766633135117,Superior,Sudeste,50.0,5,Alta
54.0,3514.963299360965,Pós-graduação,Sudeste,48.0,3,Média
60.0,2401.5719278968863,Fundamental,Sul,24.0,1,Média
61.0,4873.895453419398,Superior,Centro-Oeste,22.0,3,Alta
41.0,3336.2822726579984,Fundamental,Nordeste,21.0,1,Média
20.0,3120.677830523253,Superior,Nordeste,43.0,2,Média
41.0,4343.40930787174,Superior,Sudeste,28.0,4,Alta
28.0,1562.176597652465,Médio,Sul,59.0,0,Baixa
23.0,4028.9408058757585,Fundamental,Norte,25.0,4,Alta
24.0,6369.432211597628,Superior,Sudeste,57.0,3,Alta
54.0,4199.266493295966,Pós-graduação,Sul,46.0,1,Alta
44.0,2935.681844324803,Médio,Norte,24.0,0,Média
46.0,2739.342079357637,Médio,Nordeste,22.0,4,Média
56.0,2884.490039982336,Fundamental,Sudeste,35.0,4,Média
46.0,3119.0559829283284,Superior,Sudeste,33.0,4,Média
50.0,2933.290200862592,Superior,Norte,32.0,2,Média
22.0,3514.963299360965,Superior,Sudeste,41.0,3,Alta
62.0,900.1863451865252,Superior,Sudeste,25.0,2,Baixa
41.0,4793.000075618201,Superior,Sul,25.0,2,Alta
26.0,2930.470212286158,Superior,Sul,47.0,1,Média
60.0,4065.421678543058,Médio,Sudeste,59.0,1,Alta
44.0,1809.5181346987044,Superior,Sudeste,30.0,5,Baixa
20.0,5492.946600274154,Médio,Nordeste,57.0,3,Alta
28.0,5368.45244025781,Médio,Sudeste,33.0,1,Alta
18.0,4939.385788625111,Pós-graduação,Nordeste,33.0,5,Alta
32.0,1227.867836309691,Superior,Sudeste,23.0,0,Baixa
23.0,4743.681606599079,Pós-graduação,Nordeste,36.0,3,Alta
54.0,4107.282631453563,Médio,Sudeste,39.0,0,Alta
45.0,1092.0931293011486,Médio,Norte,46.0,2,Baixa
68.0,3463.5539243437765,Médio,Nordeste,26.0,3,Média
56.0,4046.801733549894,Fundamental,Nordeste,27.0,5,Alta
49.0,4334.112910734726,Médio,Sudeste,37.0,5,Alta
44.0,3765.8920504232838,Médio,Sudeste,22.0,5,Média
20.0,3936.8471252710697,Fundamental,Norte,25.0,1,Média
21.0,5710.417088379643,Pós-graduação,Sudeste,45.0,0,Alta
50.0,5339.05086486602,Fundamental,Sudeste,58.0,5,Alta
20.0,3023.842167743477,Superior,Sudeste,25.0,1,Média
29.0,3514.963299360965,Fundamental,Centro-Oeste,59.0,0,Média
63.0,871.8521409095433,Pós-graduação,Nordeste,40.0,3,Baixa
41.0,3641.2745873484682,Superior,Sudeste,48.0,0,Média
54.0,5373.13665861576,Fundamental,Nordeste,27.0,0,Alta
39.0,1870.1482106141145,Superior,Sul,43.0,5,Baixa
27.0,4004.6014080348086,Superior,Sul,23.0,2,Alta
37.0,2126.2647840553436,Superior,Sudeste,45.0,0,Média
22.0,2492.131964480485,Superior,Sudeste,28.0,3,Média
44.0,5716.090451255053,Superior,Sudeste,56.0,2,Alta
27.0,2686.163269832263,Superior,Sul,22.0,3,Média
37.0,4193.318733515937,Médio,Nordeste,46.0,5,Alta
44.0,693.1728259085194,Superior,Norte,25.0,1,Baixa
48.0,6293.47634209232,Pós-graduação,Sudeste,47.0,3,Alta
41.0,4403.978669459749,Superior,Nordeste,39.0,4,Alta
46.0,3514.963299360965,Superior,Nordeste,58.0,2,Média
58.0,4363.319764999842,Médio,Norte,46.0,5,Alta
31.0,1385.2708565782846,Superior,Sudeste,34.0,2,Baixa
51.0,5273.796112628986,Pós-graduação,Nordeste,23.0,2,Alta
63.0,3014.0228367553545,Médio,Nordeste,43.0,5,Média
47.0,3193.895727427348,Médio,Norte,37.0,3,Média
41.0,2762.5165775517735,Médio,Centro-Oeste,22.0,5,Média
25.0,2629.022895881623,Médio,Sul,43.0,4,Média
30.0,4542.005917442613,Superior,Nordeste,28.0,4,Alta
67.0,3883.8602751563344,Fundamental,Sudeste,29.0,1,Média
46.0,4477.62221210456,Médio,Sudeste,20.0,2,Alta
33.0,3486.807965771643,Superior,Nordeste,34.0,5,Média
39.0,4269.799716615771,Superior,Sudeste,28.0,3,Alta
48.0,2871.7268841124423,Superior,Sudeste,22.0,1,Média
44.0,6844.597762114323,Superior,Sudeste,37.0,1,Alta
54.0,1148.1043753542522,Superior,Norte,28.0,4,Baixa
31.0,5391.405985344477,Superior,Norte,25.0,1,Alta
51.0,5551.8611760814565,Superior,Sul,38.0,0,Alta
41.0,2221.761791051609,Médio,Sudeste,22.0,4,Média
66.0,6843.91041583396,Superior,Sul,59.0,1,Alta
26.0,4993.235424417977,Fundamental,Sul,38.0,4,Alta
25.0,4956.708510234367,Médio,Norte,59.0,3,Alta
42.0,3542.0332805388152,Médio,Sudeste,55.0,5,Média
44.0,3514.963299360965,Superior,Sudeste,59.0,3,Média
53.0,3185.886759440588,Superior,Sudeste,41.0,5,Média
39.0,4085.795894479276,Fundamental,Norte,36.0,5,Alta
65.0,5601.779412550844,Superior,Nordeste,48.0,1,Alta
42.0,3771.9713267921293,Médio,Sudeste,23.0,5,Média
24.0,2132.8345652940643,Superior,Sudeste,53.0,4,Média
24.0,3514.963299360965,Superior,Sudeste,32.0,0,Alta
68.0,4881.726119592188,Superior,Nordeste,20.0,0,Alta
24.0,4481.989292671679,Superior,Nordeste,29.0,1,Alta
67.0,4618.248359787474,Médio,Sul,29.0,0,Alta
32.0,3093.6078047632877,Médio,Centro-Oeste,20.0,2,Média
22.0,2106.5162493041307,Superior,Centro-Oeste,46.0,5,Média
33.0,2197.7098540388306,Superior,Sudeste,23.0,2,Média
49.0,1046.8051273132132,Médio,Centro-Oeste,53.0,0,Baixa
40.0,3855.4229173189246,Médio,Sudeste,38.0,2,Média
58.0,3374.8268251601094,Fundamental,Centro-Oeste,48.0,1,Média
49.0,2840.0184432054366,Fundamental,Sudeste,33.0,5,Média
51.0,3514.963299360965,Médio,Sul,27.0,4,Baixa
68.0,3514.963299360965,Pós-graduação,Sudeste,45.0,2,Alta
39.0,3514.963299360965,Médio,Centro-Oeste,48.0,0,Média
25.0,4040.887516485262,Médio,Sudeste,30.0,4,Alta
44.0,1413.9718550371158,Fundamental,Sudeste,34.0,2,Baixa
61.0,5658.0582235388465,Médio,Sudeste,57.0,4,Alta
29.0,3283.9585099179853,Superior,Sudeste,54.0,3,Média
67.0,3935.060594725303,Médio,Sudeste,36.0,4,Média
48.0,6988.6696878225275,Superior,Sudeste,29.0,2,Alta
49.0,5774.660150884105,Superior,Sudeste,32.0,0,Alta
34.0,3040.1515680694133,Fundamental,Nordeste,41.0,0,Média
65.0,2610.169722694461,Superior,Sudeste,42.0,2,Média
19.0,3011.6824827207024,Pós-graduação,Sudeste,27.0,2,Média
33.0,4264.847372714803,Médio,Norte,22.0,4,Alta
39.0,3342.1637986236933,Fundamental,Sudeste,39.0,2,Média
42.0,2907.1337824947923,Pós-graduação,Sudeste,51.0,5,Média
42.0,5700.7718760635635,Superior,Nordeste,26.0,1,Alta
25.0,3328.6851623332445,Médio,Sudeste,36.0,2,Média
29.0,6949.383639555979,Superior,Sudeste,26.0,4,Alta
22.0,3636.1138456282597,Médio,Sudeste,29.0,0,Média
47.0,6177.977591337091,Superior,Centro-Oeste,44.0,1,Alta
36.0,4035.9791340659403,Médio,Sudeste,31.0,4,Alta
47.0,4944.440859874172,Fundamental,Centro-Oeste,30.0,3,Alta
48.0,2413.0834227234136,Superior,Sudeste,59.0,4,Média
54.0,3514.963299360965,Pós-graduação,Norte,26.0,3,Média
46.0,4189.558932522481,Superior,Sudeste,27.0,5,Alta
44.0,4982.8298636979725,Médio,Sudeste,57.0,5,Alta
48.0,3514.963299360965,Fundamental,Sudeste,42.0,5,Média
51.0,3514.963299360965,Pós-graduação,Sudeste,21.0,0,Baixa
50.0,1459.6124505660093,Pós-graduação,Sudeste,36.0,3,Baixa
34.0,1359.295396720638,Médio,Sudeste,42.0,0,Baixa
30.0,848.5668305909285,Superior,Nordeste,30.0,1,Baixa
58.0,3664.2280391706313,Médio,Sul,41.0,1,Média
35.0,5187.565882562038,Médio,Sudeste,45.0,3,Alta
44.0,3479.876319612787,Fundamental,Sul,30.0,2,Média
28.0,109.37786399322158,Fundamental,Sul,52.0,5,Baixa
40.0,3213.859309498177,Médio,Sul,38.0,1,Média
45.0,3255.8015050510894,Superior,Sudeste,58.0,3,Média
50.0,6643.998125338159,Fundamental,Sudeste,23.0,4,Alta
45.0,1314.2931306206656,Médio,Nordeste,32.0,5,Baixa
36.0,2913.9835961012063,Médio,Sudeste,48.0,1,Média
68.0,6058.779020816846,Médio,Sudeste,55.0,4,Alta
44.0,4174.967512019823,Médio,Sudeste,28.0,0,Alta
